minecraft:air[*];0
minecraft:glass[*];0
minecraft:powered_rail[*];0
minecraft:detector_rail[*];0
minecraft:torch[*];0
minecraft:wall_torch[*];0
minecraft:redstone_wire[*];0
minecraft:ladder[*];0
minecraft:rail[*];0
minecraft:lever[*];0
minecraft:redstone_torch[*];0
minecraft:redstone_wall_torch[*];0
minecraft:stone_button[*];0
minecraft:soul_torch[*];0
minecraft:soul_wall_torch[*];0
minecraft:nether_portal[*];0
minecraft:cake[*];0
minecraft:repeater[*];0
minecraft:iron_bars[*];0
minecraft:chain[*];0
minecraft:glass_pane[*];0
minecraft:redstone_lamp[*];0
minecraft:tripwire_hook[*];0
minecraft:tripwire[*];0
minecraft:flower_pot[*];0
minecraft:potted_torchflower[*];0
minecraft:potted_oak_sapling[*];0
minecraft:potted_spruce_sapling[*];0
minecraft:potted_birch_sapling[*];0
minecraft:potted_jungle_sapling[*];0
minecraft:potted_acacia_sapling[*];0
minecraft:potted_cherry_sapling[*];0
minecraft:potted_dark_oak_sapling[*];0
minecraft:potted_mangrove_propagule[*];0
minecraft:potted_fern[*];0
minecraft:potted_dandelion[*];0
minecraft:potted_poppy[*];0
minecraft:potted_blue_orchid[*];0
minecraft:potted_allium[*];0
minecraft:potted_azure_bluet[*];0
minecraft:potted_red_tulip[*];0
minecraft:potted_orange_tulip[*];0
minecraft:potted_white_tulip[*];0
minecraft:potted_pink_tulip[*];0
minecraft:potted_oxeye_daisy[*];0
minecraft:potted_cornflower[*];0
minecraft:potted_lily_of_the_valley[*];0
minecraft:potted_wither_rose[*];0
minecraft:potted_red_mushroom[*];0
minecraft:potted_brown_mushroom[*];0
minecraft:potted_dead_bush[*];0
minecraft:potted_cactus[*];0
minecraft:oak_button[*];0
minecraft:spruce_button[*];0
minecraft:birch_button[*];0
minecraft:jungle_button[*];0
minecraft:acacia_button[*];0
minecraft:cherry_button[*];0
minecraft:dark_oak_button[*];0
minecraft:mangrove_button[*];0
minecraft:bamboo_button[*];0
minecraft:skeleton_skull[*];0
minecraft:skeleton_wall_skull[*];0
minecraft:wither_skeleton_skull[*];0
minecraft:wither_skeleton_wall_skull[*];0
minecraft:zombie_head[*];0
minecraft:zombie_wall_head[*];0
minecraft:player_head[*];0
minecraft:player_wall_head[*];0
minecraft:creeper_head[*];0
minecraft:creeper_wall_head[*];0
minecraft:dragon_head[*];0
minecraft:dragon_wall_head[*];0
minecraft:piglin_head[*];0
minecraft:piglin_wall_head[*];0
minecraft:comparator[*];0
minecraft:activator_rail[*];0
minecraft:white_stained_glass_pane[*];0
minecraft:orange_stained_glass_pane[*];0
minecraft:magenta_stained_glass_pane[*];0
minecraft:light_blue_stained_glass_pane[*];0
minecraft:yellow_stained_glass_pane[*];0
minecraft:lime_stained_glass_pane[*];0
minecraft:pink_stained_glass_pane[*];0
minecraft:gray_stained_glass_pane[*];0
minecraft:light_gray_stained_glass_pane[*];0
minecraft:cyan_stained_glass_pane[*];0
minecraft:purple_stained_glass_pane[*];0
minecraft:blue_stained_glass_pane[*];0
minecraft:brown_stained_glass_pane[*];0
minecraft:green_stained_glass_pane[*];0
minecraft:red_stained_glass_pane[*];0
minecraft:black_stained_glass_pane[*];0
minecraft:barrier[*];0
minecraft:light[*];0
minecraft:end_rod[*];0
minecraft:structure_void[*];0
minecraft:potted_bamboo[*];0
minecraft:void_air[*];0
minecraft:cave_air[*];0
minecraft:crimson_button[*];0
minecraft:warped_button[*];0
minecraft:potted_crimson_fungus[*];0
minecraft:potted_warped_fungus[*];0
minecraft:potted_crimson_roots[*];0
minecraft:potted_warped_roots[*];0
minecraft:polished_blackstone_button[*];0
minecraft:candle_cake[*];0
minecraft:white_candle_cake[*];0
minecraft:orange_candle_cake[*];0
minecraft:magenta_candle_cake[*];0
minecraft:light_blue_candle_cake[*];0
minecraft:yellow_candle_cake[*];0
minecraft:lime_candle_cake[*];0
minecraft:pink_candle_cake[*];0
minecraft:gray_candle_cake[*];0
minecraft:light_gray_candle_cake[*];0
minecraft:cyan_candle_cake[*];0
minecraft:purple_candle_cake[*];0
minecraft:blue_candle_cake[*];0
minecraft:brown_candle_cake[*];0
minecraft:green_candle_cake[*];0
minecraft:red_candle_cake[*];0
minecraft:black_candle_cake[*];0
minecraft:potted_azalea_bush[*];0
minecraft:potted_flowering_azalea_bush[*];0
minecraft:grass_block[*];1
minecraft:slime_block[*];1
minecraft:birch_planks[*];2
minecraft:sand[*];2
minecraft:suspicious_sand[*];2
Block{minecraft:birch_log}[axis=y];2
minecraft:stripped_birch_log[*];2
minecraft:birch_wood[*];2
minecraft:stripped_birch_wood[*];2
minecraft:sandstone[*];2
minecraft:chiseled_sandstone[*];2
minecraft:cut_sandstone[*];2
minecraft:birch_sign[*];2
minecraft:birch_wall_sign[*];2
minecraft:birch_hanging_sign[*];2
minecraft:birch_wall_hanging_sign[*];2
minecraft:birch_pressure_plate[*];2
minecraft:glowstone[*];2
minecraft:birch_trapdoor[*];2
minecraft:end_stone[*];2
minecraft:sandstone_stairs[*];2
minecraft:birch_stairs[*];2
minecraft:birch_slab[*];2
minecraft:sandstone_slab[*];2
minecraft:cut_sandstone_slab[*];2
minecraft:smooth_sandstone[*];2
minecraft:birch_fence_gate[*];2
minecraft:birch_fence[*];2
minecraft:birch_door[*];2
minecraft:end_stone_bricks[*];2
minecraft:bone_block[*];2
minecraft:turtle_egg[*];2
minecraft:end_stone_brick_stairs[*];2
minecraft:smooth_sandstone_stairs[*];2
minecraft:end_stone_brick_slab[*];2
minecraft:smooth_sandstone_slab[*];2
minecraft:sandstone_wall[*];2
minecraft:end_stone_brick_wall[*];2
minecraft:scaffolding[*];2
minecraft:candle[*];2
minecraft:ochre_froglight[*];2
Block{minecraft:white_bed}[facing=west,occupied=true,part=head];3
Block{minecraft:white_bed}[facing=south,occupied=true,part=head];3
Block{minecraft:white_bed}[facing=north,occupied=true,part=head];3
Block{minecraft:white_bed}[facing=west,occupied=false,part=head];3
Block{minecraft:white_bed}[facing=east,occupied=false,part=head];3
Block{minecraft:white_bed}[facing=north,occupied=false,part=head];3
Block{minecraft:white_bed}[facing=east,occupied=true,part=head];3
Block{minecraft:white_bed}[facing=south,occupied=false,part=head];3
Block{minecraft:orange_bed}[facing=north,occupied=false,part=head];3
Block{minecraft:orange_bed}[facing=south,occupied=false,part=head];3
Block{minecraft:orange_bed}[facing=south,occupied=true,part=head];3
Block{minecraft:orange_bed}[facing=east,occupied=false,part=head];3
Block{minecraft:orange_bed}[facing=east,occupied=true,part=head];3
Block{minecraft:orange_bed}[facing=north,occupied=true,part=head];3
Block{minecraft:orange_bed}[facing=west,occupied=true,part=head];3
Block{minecraft:orange_bed}[facing=west,occupied=false,part=head];3
Block{minecraft:magenta_bed}[facing=east,occupied=false,part=head];3
Block{minecraft:magenta_bed}[facing=south,occupied=true,part=head];3
Block{minecraft:magenta_bed}[facing=east,occupied=true,part=head];3
Block{minecraft:magenta_bed}[facing=north,occupied=false,part=head];3
Block{minecraft:magenta_bed}[facing=west,occupied=false,part=head];3
Block{minecraft:magenta_bed}[facing=north,occupied=true,part=head];3
Block{minecraft:magenta_bed}[facing=west,occupied=true,part=head];3
Block{minecraft:magenta_bed}[facing=south,occupied=false,part=head];3
Block{minecraft:light_blue_bed}[facing=north,occupied=true,part=head];3
Block{minecraft:light_blue_bed}[facing=west,occupied=true,part=head];3
Block{minecraft:light_blue_bed}[facing=south,occupied=false,part=head];3
Block{minecraft:light_blue_bed}[facing=east,occupied=true,part=head];3
Block{minecraft:light_blue_bed}[facing=south,occupied=true,part=head];3
Block{minecraft:light_blue_bed}[facing=north,occupied=false,part=head];3
Block{minecraft:light_blue_bed}[facing=west,occupied=false,part=head];3
Block{minecraft:light_blue_bed}[facing=east,occupied=false,part=head];3
Block{minecraft:yellow_bed}[facing=north,occupied=true,part=head];3
Block{minecraft:yellow_bed}[facing=south,occupied=false,part=head];3
Block{minecraft:yellow_bed}[facing=north,occupied=false,part=head];3
Block{minecraft:yellow_bed}[facing=south,occupied=true,part=head];3
Block{minecraft:yellow_bed}[facing=east,occupied=true,part=head];3
Block{minecraft:yellow_bed}[facing=east,occupied=false,part=head];3
Block{minecraft:yellow_bed}[facing=west,occupied=true,part=head];3
Block{minecraft:yellow_bed}[facing=west,occupied=false,part=head];3
Block{minecraft:lime_bed}[facing=east,occupied=true,part=head];3
Block{minecraft:lime_bed}[facing=north,occupied=false,part=head];3
Block{minecraft:lime_bed}[facing=south,occupied=false,part=head];3
Block{minecraft:lime_bed}[facing=north,occupied=true,part=head];3
Block{minecraft:lime_bed}[facing=east,occupied=false,part=head];3
Block{minecraft:lime_bed}[facing=south,occupied=true,part=head];3
Block{minecraft:lime_bed}[facing=west,occupied=false,part=head];3
Block{minecraft:lime_bed}[facing=west,occupied=true,part=head];3
Block{minecraft:pink_bed}[facing=south,occupied=true,part=head];3
Block{minecraft:pink_bed}[facing=south,occupied=false,part=head];3
Block{minecraft:pink_bed}[facing=north,occupied=true,part=head];3
Block{minecraft:pink_bed}[facing=north,occupied=false,part=head];3
Block{minecraft:pink_bed}[facing=east,occupied=false,part=head];3
Block{minecraft:pink_bed}[facing=west,occupied=false,part=head];3
Block{minecraft:pink_bed}[facing=west,occupied=true,part=head];3
Block{minecraft:pink_bed}[facing=east,occupied=true,part=head];3
Block{minecraft:gray_bed}[facing=south,occupied=false,part=head];3
Block{minecraft:gray_bed}[facing=east,occupied=false,part=head];3
Block{minecraft:gray_bed}[facing=west,occupied=true,part=head];3
Block{minecraft:gray_bed}[facing=east,occupied=true,part=head];3
Block{minecraft:gray_bed}[facing=south,occupied=true,part=head];3
Block{minecraft:gray_bed}[facing=north,occupied=true,part=head];3
Block{minecraft:gray_bed}[facing=north,occupied=false,part=head];3
Block{minecraft:gray_bed}[facing=west,occupied=false,part=head];3
Block{minecraft:light_gray_bed}[facing=west,occupied=true,part=head];3
Block{minecraft:light_gray_bed}[facing=south,occupied=true,part=head];3
Block{minecraft:light_gray_bed}[facing=south,occupied=false,part=head];3
Block{minecraft:light_gray_bed}[facing=west,occupied=false,part=head];3
Block{minecraft:light_gray_bed}[facing=north,occupied=true,part=head];3
Block{minecraft:light_gray_bed}[facing=north,occupied=false,part=head];3
Block{minecraft:light_gray_bed}[facing=east,occupied=false,part=head];3
Block{minecraft:light_gray_bed}[facing=east,occupied=true,part=head];3
Block{minecraft:cyan_bed}[facing=south,occupied=true,part=head];3
Block{minecraft:cyan_bed}[facing=east,occupied=true,part=head];3
Block{minecraft:cyan_bed}[facing=south,occupied=false,part=head];3
Block{minecraft:cyan_bed}[facing=west,occupied=false,part=head];3
Block{minecraft:cyan_bed}[facing=north,occupied=false,part=head];3
Block{minecraft:cyan_bed}[facing=west,occupied=true,part=head];3
Block{minecraft:cyan_bed}[facing=north,occupied=true,part=head];3
Block{minecraft:cyan_bed}[facing=east,occupied=false,part=head];3
Block{minecraft:purple_bed}[facing=north,occupied=false,part=head];3
Block{minecraft:purple_bed}[facing=south,occupied=false,part=head];3
Block{minecraft:purple_bed}[facing=west,occupied=false,part=head];3
Block{minecraft:purple_bed}[facing=east,occupied=false,part=head];3
Block{minecraft:purple_bed}[facing=south,occupied=true,part=head];3
Block{minecraft:purple_bed}[facing=west,occupied=true,part=head];3
Block{minecraft:purple_bed}[facing=north,occupied=true,part=head];3
Block{minecraft:purple_bed}[facing=east,occupied=true,part=head];3
Block{minecraft:blue_bed}[facing=west,occupied=true,part=head];3
Block{minecraft:blue_bed}[facing=south,occupied=false,part=head];3
Block{minecraft:blue_bed}[facing=east,occupied=false,part=head];3
Block{minecraft:blue_bed}[facing=south,occupied=true,part=head];3
Block{minecraft:blue_bed}[facing=west,occupied=false,part=head];3
Block{minecraft:blue_bed}[facing=north,occupied=true,part=head];3
Block{minecraft:blue_bed}[facing=north,occupied=false,part=head];3
Block{minecraft:blue_bed}[facing=east,occupied=true,part=head];3
Block{minecraft:brown_bed}[facing=north,occupied=false,part=head];3
Block{minecraft:brown_bed}[facing=east,occupied=true,part=head];3
Block{minecraft:brown_bed}[facing=west,occupied=false,part=head];3
Block{minecraft:brown_bed}[facing=west,occupied=true,part=head];3
Block{minecraft:brown_bed}[facing=east,occupied=false,part=head];3
Block{minecraft:brown_bed}[facing=north,occupied=true,part=head];3
Block{minecraft:brown_bed}[facing=south,occupied=false,part=head];3
Block{minecraft:brown_bed}[facing=south,occupied=true,part=head];3
Block{minecraft:green_bed}[facing=south,occupied=true,part=head];3
Block{minecraft:green_bed}[facing=west,occupied=true,part=head];3
Block{minecraft:green_bed}[facing=east,occupied=true,part=head];3
Block{minecraft:green_bed}[facing=east,occupied=false,part=head];3
Block{minecraft:green_bed}[facing=west,occupied=false,part=head];3
Block{minecraft:green_bed}[facing=south,occupied=false,part=head];3
Block{minecraft:green_bed}[facing=north,occupied=true,part=head];3
Block{minecraft:green_bed}[facing=north,occupied=false,part=head];3
Block{minecraft:red_bed}[facing=north,occupied=false,part=head];3
Block{minecraft:red_bed}[facing=west,occupied=false,part=head];3
Block{minecraft:red_bed}[facing=west,occupied=true,part=head];3
Block{minecraft:red_bed}[facing=south,occupied=true,part=head];3
Block{minecraft:red_bed}[facing=south,occupied=false,part=head];3
Block{minecraft:red_bed}[facing=north,occupied=true,part=head];3
Block{minecraft:red_bed}[facing=east,occupied=true,part=head];3
Block{minecraft:red_bed}[facing=east,occupied=false,part=head];3
Block{minecraft:black_bed}[facing=west,occupied=false,part=head];3
Block{minecraft:black_bed}[facing=south,occupied=true,part=head];3
Block{minecraft:black_bed}[facing=north,occupied=false,part=head];3
Block{minecraft:black_bed}[facing=east,occupied=false,part=head];3
Block{minecraft:black_bed}[facing=south,occupied=false,part=head];3
Block{minecraft:black_bed}[facing=north,occupied=true,part=head];3
Block{minecraft:black_bed}[facing=east,occupied=true,part=head];3
Block{minecraft:black_bed}[facing=west,occupied=true,part=head];3
minecraft:cobweb[*];3
minecraft:mushroom_stem[*];3
minecraft:white_candle[*];3
minecraft:lava[*];4
minecraft:tnt[*];4
minecraft:fire[*];4
minecraft:redstone_block[*];4
minecraft:ice[*];5
minecraft:packed_ice[*];5
minecraft:frosted_ice[*];5
minecraft:blue_ice[*];5
minecraft:iron_block[*];6
minecraft:iron_door[*];6
minecraft:brewing_stand[*];6
minecraft:anvil[*];6
minecraft:chipped_anvil[*];6
minecraft:damaged_anvil[*];6
minecraft:heavy_weighted_pressure_plate[*];6
minecraft:iron_trapdoor[*];6
minecraft:grindstone[*];6
minecraft:lantern[*];6
minecraft:soul_lantern[*];6
minecraft:lodestone[*];6
minecraft:oak_sapling[*];7
minecraft:spruce_sapling[*];7
minecraft:birch_sapling[*];7
minecraft:jungle_sapling[*];7
minecraft:acacia_sapling[*];7
minecraft:dark_oak_sapling[*];7
minecraft:mangrove_propagule[*];7
Block{minecraft:bamboo_block}[axis=x];7
Block{minecraft:bamboo_block}[axis=z];7
minecraft:oak_leaves[*];7
minecraft:spruce_leaves[*];7
minecraft:birch_leaves[*];7
minecraft:jungle_leaves[*];7
minecraft:acacia_leaves[*];7
minecraft:dark_oak_leaves[*];7
minecraft:mangrove_leaves[*];7
minecraft:azalea_leaves[*];7
minecraft:flowering_azalea_leaves[*];7
minecraft:short_grass[*];7
minecraft:fern[*];7
minecraft:dandelion[*];7
minecraft:torchflower[*];7
minecraft:poppy[*];7
minecraft:blue_orchid[*];7
minecraft:allium[*];7
minecraft:azure_bluet[*];7
minecraft:red_tulip[*];7
minecraft:orange_tulip[*];7
minecraft:white_tulip[*];7
minecraft:pink_tulip[*];7
minecraft:oxeye_daisy[*];7
minecraft:cornflower[*];7
minecraft:wither_rose[*];7
minecraft:lily_of_the_valley[*];7
minecraft:wheat[*];7
minecraft:cactus[*];7
minecraft:sugar_cane[*];7
minecraft:attached_pumpkin_stem[*];7
minecraft:attached_melon_stem[*];7
minecraft:pumpkin_stem[*];7
minecraft:melon_stem[*];7
minecraft:vine[*];7
minecraft:lily_pad[*];7
minecraft:cocoa[*];7
minecraft:carrots[*];7
minecraft:potatoes[*];7
minecraft:sunflower[*];7
minecraft:lilac[*];7
minecraft:rose_bush[*];7
minecraft:peony[*];7
minecraft:tall_grass[*];7
minecraft:large_fern[*];7
minecraft:torchflower_crop[*];7
minecraft:pitcher_crop[*];7
minecraft:pitcher_plant[*];7
minecraft:beetroots[*];7
minecraft:bamboo[*];7
minecraft:sweet_berry_bush[*];7
minecraft:cave_vines[*];7
minecraft:cave_vines_plant[*];7
minecraft:spore_blossom[*];7
minecraft:azalea[*];7
minecraft:flowering_azalea[*];7
minecraft:pink_petals[*];7
minecraft:big_dripleaf[*];7
minecraft:big_dripleaf_stem[*];7
minecraft:small_dripleaf[*];7
Block{minecraft:white_bed}[facing=south,occupied=true,part=foot];8
Block{minecraft:white_bed}[facing=west,occupied=false,part=foot];8
Block{minecraft:white_bed}[facing=north,occupied=false,part=foot];8
Block{minecraft:white_bed}[facing=east,occupied=false,part=foot];8
Block{minecraft:white_bed}[facing=south,occupied=false,part=foot];8
Block{minecraft:white_bed}[facing=north,occupied=true,part=foot];8
Block{minecraft:white_bed}[facing=west,occupied=true,part=foot];8
Block{minecraft:white_bed}[facing=east,occupied=true,part=foot];8
minecraft:white_wool[*];8
minecraft:snow[*];8
minecraft:snow_block[*];8
minecraft:white_stained_glass[*];8
minecraft:white_carpet[*];8
minecraft:white_shulker_box[*];8
minecraft:white_glazed_terracotta[*];8
minecraft:white_concrete[*];8
minecraft:white_concrete_powder[*];8
minecraft:powder_snow[*];8
minecraft:clay[*];9
minecraft:infested_stone[*];9
minecraft:infested_cobblestone[*];9
minecraft:infested_stone_bricks[*];9
minecraft:infested_mossy_stone_bricks[*];9
minecraft:infested_cracked_stone_bricks[*];9
minecraft:infested_chiseled_stone_bricks[*];9
minecraft:granite[*];10
minecraft:polished_granite[*];10
minecraft:dirt[*];10
minecraft:coarse_dirt[*];10
minecraft:jungle_planks[*];10
Block{minecraft:jungle_log}[axis=y];10
minecraft:stripped_jungle_log[*];10
minecraft:jungle_wood[*];10
minecraft:stripped_jungle_wood[*];10
minecraft:farmland[*];10
minecraft:jungle_sign[*];10
minecraft:jungle_wall_sign[*];10
minecraft:jungle_hanging_sign[*];10
minecraft:jungle_wall_hanging_sign[*];10
minecraft:jungle_pressure_plate[*];10
minecraft:jukebox[*];10
minecraft:jungle_trapdoor[*];10
minecraft:packed_mud[*];10
minecraft:brown_mushroom_block[*];10
minecraft:jungle_stairs[*];10
minecraft:jungle_slab[*];10
minecraft:jungle_fence_gate[*];10
minecraft:jungle_fence[*];10
minecraft:jungle_door[*];10
minecraft:dirt_path[*];10
minecraft:polished_granite_stairs[*];10
minecraft:granite_stairs[*];10
minecraft:polished_granite_slab[*];10
minecraft:granite_slab[*];10
minecraft:granite_wall[*];10
minecraft:hanging_roots[*];10
minecraft:rooted_dirt[*];10
minecraft:stone[*];11
minecraft:andesite[*];11
minecraft:polished_andesite[*];11
minecraft:cobblestone[*];11
minecraft:bedrock[*];11
minecraft:gravel[*];11
minecraft:suspicious_gravel[*];11
minecraft:gold_ore[*];11
minecraft:iron_ore[*];11
minecraft:coal_ore[*];11
Block{minecraft:acacia_log}[axis=z];11
Block{minecraft:acacia_log}[axis=x];11
minecraft:lapis_ore[*];11
minecraft:dispenser[*];11
minecraft:sticky_piston[*];11
minecraft:piston[*];11
minecraft:piston_head[*];11
minecraft:moving_piston[*];11
minecraft:mossy_cobblestone[*];11
minecraft:spawner[*];11
minecraft:diamond_ore[*];11
minecraft:furnace[*];11
minecraft:cobblestone_stairs[*];11
minecraft:stone_pressure_plate[*];11
minecraft:redstone_ore[*];11
minecraft:stone_bricks[*];11
minecraft:mossy_stone_bricks[*];11
minecraft:cracked_stone_bricks[*];11
minecraft:chiseled_stone_bricks[*];11
minecraft:stone_brick_stairs[*];11
minecraft:cauldron[*];11
minecraft:water_cauldron[*];11
minecraft:lava_cauldron[*];11
minecraft:powder_snow_cauldron[*];11
minecraft:emerald_ore[*];11
minecraft:ender_chest[*];11
minecraft:cobblestone_wall[*];11
minecraft:mossy_cobblestone_wall[*];11
minecraft:hopper[*];11
minecraft:dropper[*];11
minecraft:stone_slab[*];11
minecraft:smooth_stone_slab[*];11
minecraft:cobblestone_slab[*];11
minecraft:stone_brick_slab[*];11
minecraft:smooth_stone[*];11
minecraft:observer[*];11
minecraft:mossy_stone_brick_stairs[*];11
minecraft:mossy_cobblestone_stairs[*];11
minecraft:stone_stairs[*];11
minecraft:andesite_stairs[*];11
minecraft:polished_andesite_stairs[*];11
minecraft:mossy_stone_brick_slab[*];11
minecraft:mossy_cobblestone_slab[*];11
minecraft:andesite_slab[*];11
minecraft:polished_andesite_slab[*];11
minecraft:mossy_stone_brick_wall[*];11
minecraft:stone_brick_wall[*];11
minecraft:andesite_wall[*];11
minecraft:smoker[*];11
minecraft:blast_furnace[*];11
minecraft:stonecutter[*];11
minecraft:copper_ore[*];11
minecraft:crafter[*];11
minecraft:trial_spawner[*];11
minecraft:water[*];12
minecraft:seagrass[*];12
minecraft:tall_seagrass[*];12
minecraft:kelp[*];12
minecraft:kelp_plant[*];12
minecraft:bubble_column[*];12
minecraft:frogspawn[*];12
minecraft:oak_planks[*];13
Block{minecraft:oak_log}[axis=y];13
minecraft:stripped_oak_log[*];13
minecraft:oak_wood[*];13
minecraft:stripped_oak_wood[*];13
minecraft:note_block[*];13
minecraft:dead_bush[*];13
minecraft:bookshelf[*];13
minecraft:chiseled_bookshelf[*];13
minecraft:oak_stairs[*];13
minecraft:chest[*];13
minecraft:crafting_table[*];13
minecraft:oak_sign[*];13
minecraft:oak_door[*];13
minecraft:oak_wall_sign[*];13
minecraft:oak_hanging_sign[*];13
minecraft:oak_wall_hanging_sign[*];13
minecraft:spruce_wall_hanging_sign[*];13
minecraft:oak_pressure_plate[*];13
minecraft:oak_fence[*];13
minecraft:oak_trapdoor[*];13
minecraft:oak_fence_gate[*];13
minecraft:trapped_chest[*];13
minecraft:daylight_detector[*];13
minecraft:white_banner[*];13
minecraft:orange_banner[*];13
minecraft:magenta_banner[*];13
minecraft:light_blue_banner[*];13
minecraft:yellow_banner[*];13
minecraft:lime_banner[*];13
minecraft:pink_banner[*];13
minecraft:gray_banner[*];13
minecraft:light_gray_banner[*];13
minecraft:cyan_banner[*];13
minecraft:purple_banner[*];13
minecraft:blue_banner[*];13
minecraft:brown_banner[*];13
minecraft:green_banner[*];13
minecraft:red_banner[*];13
minecraft:black_banner[*];13
minecraft:white_wall_banner[*];13
minecraft:orange_wall_banner[*];13
minecraft:magenta_wall_banner[*];13
minecraft:light_blue_wall_banner[*];13
minecraft:yellow_wall_banner[*];13
minecraft:lime_wall_banner[*];13
minecraft:pink_wall_banner[*];13
minecraft:gray_wall_banner[*];13
minecraft:light_gray_wall_banner[*];13
minecraft:cyan_wall_banner[*];13
minecraft:purple_wall_banner[*];13
minecraft:blue_wall_banner[*];13
minecraft:brown_wall_banner[*];13
minecraft:green_wall_banner[*];13
minecraft:red_wall_banner[*];13
minecraft:black_wall_banner[*];13
minecraft:oak_slab[*];13
minecraft:petrified_oak_slab[*];13
minecraft:bamboo_sapling[*];13
minecraft:loom[*];13
minecraft:barrel[*];13
minecraft:cartography_table[*];13
minecraft:fletching_table[*];13
minecraft:lectern[*];13
minecraft:smithing_table[*];13
minecraft:composter[*];13
minecraft:beehive[*];13
minecraft:diorite[*];14
minecraft:polished_diorite[*];14
Block{minecraft:birch_log}[axis=x];14
Block{minecraft:birch_log}[axis=z];14
minecraft:quartz_block[*];14
minecraft:chiseled_quartz_block[*];14
minecraft:quartz_pillar[*];14
minecraft:quartz_stairs[*];14
minecraft:sea_lantern[*];14
minecraft:quartz_slab[*];14
minecraft:smooth_quartz[*];14
minecraft:polished_diorite_stairs[*];14
minecraft:smooth_quartz_stairs[*];14
minecraft:diorite_stairs[*];14
minecraft:polished_diorite_slab[*];14
minecraft:smooth_quartz_slab[*];14
minecraft:diorite_slab[*];14
minecraft:diorite_wall[*];14
minecraft:target[*];14
minecraft:quartz_bricks[*];14
minecraft:acacia_planks[*];15
minecraft:red_sand[*];15
Block{minecraft:acacia_log}[axis=y];15
minecraft:stripped_acacia_log[*];15
minecraft:stripped_acacia_wood[*];15
Block{minecraft:orange_bed}[facing=east,occupied=true,part=foot];15
Block{minecraft:orange_bed}[facing=south,occupied=false,part=foot];15
Block{minecraft:orange_bed}[facing=south,occupied=true,part=foot];15
Block{minecraft:orange_bed}[facing=west,occupied=false,part=foot];15
Block{minecraft:orange_bed}[facing=east,occupied=false,part=foot];15
Block{minecraft:orange_bed}[facing=north,occupied=false,part=foot];15
Block{minecraft:orange_bed}[facing=west,occupied=true,part=foot];15
Block{minecraft:orange_bed}[facing=north,occupied=true,part=foot];15
minecraft:orange_wool[*];15
minecraft:acacia_sign[*];15
minecraft:acacia_wall_sign[*];15
minecraft:acacia_hanging_sign[*];15
minecraft:acacia_wall_hanging_sign[*];15
minecraft:acacia_pressure_plate[*];15
minecraft:carved_pumpkin[*];15
minecraft:jack_o_lantern[*];15
minecraft:orange_stained_glass[*];15
minecraft:acacia_trapdoor[*];15
minecraft:pumpkin[*];15
minecraft:acacia_stairs[*];15
minecraft:orange_carpet[*];15
minecraft:terracotta[*];15
minecraft:red_sandstone[*];15
minecraft:chiseled_red_sandstone[*];15
minecraft:cut_red_sandstone[*];15
minecraft:red_sandstone_stairs[*];15
minecraft:acacia_slab[*];15
minecraft:red_sandstone_slab[*];15
minecraft:cut_red_sandstone_slab[*];15
minecraft:smooth_red_sandstone[*];15
minecraft:acacia_fence_gate[*];15
minecraft:acacia_fence[*];15
minecraft:acacia_door[*];15
minecraft:orange_shulker_box[*];15
minecraft:orange_glazed_terracotta[*];15
minecraft:orange_concrete[*];15
minecraft:orange_concrete_powder[*];15
minecraft:smooth_red_sandstone_stairs[*];15
minecraft:smooth_red_sandstone_slab[*];15
minecraft:red_sandstone_wall[*];15
minecraft:honey_block[*];15
minecraft:honeycomb_block[*];15
minecraft:orange_candle[*];15
minecraft:copper_block[*];15
minecraft:cut_copper[*];15
minecraft:chiseled_copper[*];15
minecraft:waxed_chiseled_copper[*];15
minecraft:cut_copper_stairs[*];15
minecraft:cut_copper_slab[*];15
minecraft:waxed_copper_block[*];15
minecraft:waxed_cut_copper[*];15
minecraft:waxed_cut_copper_stairs[*];15
minecraft:waxed_cut_copper_slab[*];15
minecraft:copper_door[*];15
minecraft:waxed_copper_door[*];15
minecraft:copper_trapdoor[*];15
minecraft:waxed_copper_trapdoor[*];15
minecraft:copper_grate[*];15
minecraft:waxed_copper_grate[*];15
minecraft:copper_bulb[*];15
minecraft:waxed_copper_bulb[*];15
minecraft:lightning_rod[*];15
minecraft:raw_copper_block[*];15
Block{minecraft:magenta_bed}[facing=west,occupied=true,part=foot];16
Block{minecraft:magenta_bed}[facing=west,occupied=false,part=foot];16
Block{minecraft:magenta_bed}[facing=east,occupied=false,part=foot];16
Block{minecraft:magenta_bed}[facing=north,occupied=true,part=foot];16
Block{minecraft:magenta_bed}[facing=east,occupied=true,part=foot];16
Block{minecraft:magenta_bed}[facing=south,occupied=true,part=foot];16
Block{minecraft:magenta_bed}[facing=north,occupied=false,part=foot];16
Block{minecraft:magenta_bed}[facing=south,occupied=false,part=foot];16
minecraft:magenta_wool[*];16
minecraft:magenta_stained_glass[*];16
minecraft:magenta_carpet[*];16
minecraft:purpur_slab[*];16
minecraft:purpur_block[*];16
minecraft:purpur_pillar[*];16
minecraft:purpur_stairs[*];16
minecraft:magenta_shulker_box[*];16
minecraft:magenta_glazed_terracotta[*];16
minecraft:magenta_concrete[*];16
minecraft:magenta_concrete_powder[*];16
minecraft:magenta_candle[*];16
Block{minecraft:light_blue_bed}[facing=south,occupied=true,part=foot];17
Block{minecraft:light_blue_bed}[facing=east,occupied=true,part=foot];17
Block{minecraft:light_blue_bed}[facing=west,occupied=true,part=foot];17
Block{minecraft:light_blue_bed}[facing=north,occupied=false,part=foot];17
Block{minecraft:light_blue_bed}[facing=west,occupied=false,part=foot];17
Block{minecraft:light_blue_bed}[facing=east,occupied=false,part=foot];17
Block{minecraft:light_blue_bed}[facing=south,occupied=false,part=foot];17
Block{minecraft:light_blue_bed}[facing=north,occupied=true,part=foot];17
minecraft:light_blue_wool[*];17
minecraft:soul_fire[*];17
minecraft:light_blue_stained_glass[*];17
minecraft:light_blue_carpet[*];17
minecraft:light_blue_shulker_box[*];17
minecraft:light_blue_glazed_terracotta[*];17
minecraft:light_blue_concrete[*];17
minecraft:light_blue_concrete_powder[*];17
minecraft:light_blue_candle[*];17
minecraft:bamboo_planks[*];18
minecraft:bamboo_mosaic[*];18
Block{minecraft:bamboo_block}[axis=y];18
minecraft:stripped_bamboo_block[*];18
minecraft:sponge[*];18
minecraft:wet_sponge[*];18
Block{minecraft:yellow_bed}[facing=east,occupied=false,part=foot];18
Block{minecraft:yellow_bed}[facing=south,occupied=true,part=foot];18
Block{minecraft:yellow_bed}[facing=north,occupied=true,part=foot];18
Block{minecraft:yellow_bed}[facing=west,occupied=true,part=foot];18
Block{minecraft:yellow_bed}[facing=north,occupied=false,part=foot];18
Block{minecraft:yellow_bed}[facing=east,occupied=true,part=foot];18
Block{minecraft:yellow_bed}[facing=west,occupied=false,part=foot];18
Block{minecraft:yellow_bed}[facing=south,occupied=false,part=foot];18
minecraft:yellow_wool[*];18
minecraft:bamboo_sign[*];18
minecraft:bamboo_wall_sign[*];18
minecraft:bamboo_hanging_sign[*];18
minecraft:bamboo_wall_hanging_sign[*];18
minecraft:bamboo_pressure_plate[*];18
minecraft:yellow_stained_glass[*];18
minecraft:bamboo_trapdoor[*];18
minecraft:bamboo_stairs[*];18
minecraft:bamboo_mosaic_stairs[*];18
minecraft:hay_block[*];18
minecraft:yellow_carpet[*];18
minecraft:bamboo_slab[*];18
minecraft:bamboo_mosaic_slab[*];18
minecraft:bamboo_fence_gate[*];18
minecraft:bamboo_fence[*];18
minecraft:bamboo_door[*];18
minecraft:yellow_shulker_box[*];18
minecraft:yellow_glazed_terracotta[*];18
minecraft:yellow_concrete[*];18
minecraft:yellow_concrete_powder[*];18
minecraft:horn_coral_block[*];18
minecraft:horn_coral[*];18
minecraft:horn_coral_fan[*];18
minecraft:horn_coral_wall_fan[*];18
minecraft:bee_nest[*];18
minecraft:yellow_candle[*];18
Block{minecraft:lime_bed}[facing=west,occupied=true,part=foot];19
Block{minecraft:lime_bed}[facing=south,occupied=false,part=foot];19
Block{minecraft:lime_bed}[facing=south,occupied=true,part=foot];19
Block{minecraft:lime_bed}[facing=west,occupied=false,part=foot];19
Block{minecraft:lime_bed}[facing=east,occupied=false,part=foot];19
Block{minecraft:lime_bed}[facing=north,occupied=false,part=foot];19
Block{minecraft:lime_bed}[facing=north,occupied=true,part=foot];19
Block{minecraft:lime_bed}[facing=east,occupied=true,part=foot];19
minecraft:lime_wool[*];19
minecraft:lime_stained_glass[*];19
minecraft:melon[*];19
minecraft:lime_carpet[*];19
minecraft:lime_shulker_box[*];19
minecraft:lime_glazed_terracotta[*];19
minecraft:lime_concrete[*];19
minecraft:lime_concrete_powder[*];19
minecraft:lime_candle[*];19
minecraft:cherry_sapling[*];20
minecraft:cherry_leaves[*];20
Block{minecraft:pink_bed}[facing=south,occupied=false,part=foot];20
Block{minecraft:pink_bed}[facing=east,occupied=true,part=foot];20
Block{minecraft:pink_bed}[facing=north,occupied=true,part=foot];20
Block{minecraft:pink_bed}[facing=west,occupied=true,part=foot];20
Block{minecraft:pink_bed}[facing=north,occupied=false,part=foot];20
Block{minecraft:pink_bed}[facing=east,occupied=false,part=foot];20
Block{minecraft:pink_bed}[facing=south,occupied=true,part=foot];20
Block{minecraft:pink_bed}[facing=west,occupied=false,part=foot];20
minecraft:pink_wool[*];20
minecraft:pink_stained_glass[*];20
minecraft:pink_carpet[*];20
minecraft:pink_shulker_box[*];20
minecraft:pink_glazed_terracotta[*];20
minecraft:pink_concrete[*];20
minecraft:pink_concrete_powder[*];20
minecraft:brain_coral_block[*];20
minecraft:brain_coral[*];20
minecraft:brain_coral_fan[*];20
minecraft:brain_coral_wall_fan[*];20
minecraft:pink_candle[*];20
minecraft:pearlescent_froglight[*];20
minecraft:acacia_wood[*];21
Block{minecraft:gray_bed}[facing=east,occupied=true,part=foot];21
Block{minecraft:gray_bed}[facing=south,occupied=true,part=foot];21
Block{minecraft:gray_bed}[facing=west,occupied=false,part=foot];21
Block{minecraft:gray_bed}[facing=north,occupied=false,part=foot];21
Block{minecraft:gray_bed}[facing=north,occupied=true,part=foot];21
Block{minecraft:gray_bed}[facing=east,occupied=false,part=foot];21
Block{minecraft:gray_bed}[facing=south,occupied=false,part=foot];21
Block{minecraft:gray_bed}[facing=west,occupied=true,part=foot];21
minecraft:gray_wool[*];21
minecraft:gray_stained_glass[*];21
minecraft:gray_carpet[*];21
minecraft:gray_shulker_box[*];21
minecraft:gray_glazed_terracotta[*];21
minecraft:gray_concrete[*];21
minecraft:gray_concrete_powder[*];21
minecraft:dead_tube_coral_block[*];21
minecraft:dead_brain_coral_block[*];21
minecraft:dead_bubble_coral_block[*];21
minecraft:dead_fire_coral_block[*];21
minecraft:dead_horn_coral_block[*];21
minecraft:dead_tube_coral[*];21
minecraft:dead_brain_coral[*];21
minecraft:dead_bubble_coral[*];21
minecraft:dead_fire_coral[*];21
minecraft:dead_horn_coral[*];21
minecraft:dead_tube_coral_fan[*];21
minecraft:dead_brain_coral_fan[*];21
minecraft:dead_bubble_coral_fan[*];21
minecraft:dead_fire_coral_fan[*];21
minecraft:dead_horn_coral_fan[*];21
minecraft:dead_tube_coral_wall_fan[*];21
minecraft:dead_brain_coral_wall_fan[*];21
minecraft:dead_bubble_coral_wall_fan[*];21
minecraft:dead_fire_coral_wall_fan[*];21
minecraft:dead_horn_coral_wall_fan[*];21
minecraft:gray_candle[*];21
minecraft:tinted_glass[*];21
Block{minecraft:light_gray_bed}[facing=south,occupied=true,part=foot];22
Block{minecraft:light_gray_bed}[facing=north,occupied=true,part=foot];22
Block{minecraft:light_gray_bed}[facing=south,occupied=false,part=foot];22
Block{minecraft:light_gray_bed}[facing=east,occupied=false,part=foot];22
Block{minecraft:light_gray_bed}[facing=west,occupied=true,part=foot];22
Block{minecraft:light_gray_bed}[facing=east,occupied=true,part=foot];22
Block{minecraft:light_gray_bed}[facing=north,occupied=false,part=foot];22
Block{minecraft:light_gray_bed}[facing=west,occupied=false,part=foot];22
minecraft:light_gray_wool[*];22
minecraft:light_gray_stained_glass[*];22
minecraft:light_gray_carpet[*];22
minecraft:light_gray_shulker_box[*];22
minecraft:light_gray_glazed_terracotta[*];22
minecraft:light_gray_concrete[*];22
minecraft:light_gray_concrete_powder[*];22
minecraft:structure_block[*];22
minecraft:jigsaw[*];22
minecraft:light_gray_candle[*];22
Block{minecraft:cyan_bed}[facing=west,occupied=true,part=foot];23
Block{minecraft:cyan_bed}[facing=east,occupied=false,part=foot];23
Block{minecraft:cyan_bed}[facing=north,occupied=true,part=foot];23
Block{minecraft:cyan_bed}[facing=south,occupied=true,part=foot];23
Block{minecraft:cyan_bed}[facing=east,occupied=true,part=foot];23
Block{minecraft:cyan_bed}[facing=north,occupied=false,part=foot];23
Block{minecraft:cyan_bed}[facing=west,occupied=false,part=foot];23
Block{minecraft:cyan_bed}[facing=south,occupied=false,part=foot];23
minecraft:cyan_wool[*];23
minecraft:cyan_stained_glass[*];23
minecraft:prismarine[*];23
minecraft:prismarine_stairs[*];23
minecraft:prismarine_slab[*];23
minecraft:cyan_carpet[*];23
minecraft:cyan_shulker_box[*];23
minecraft:cyan_glazed_terracotta[*];23
minecraft:cyan_concrete[*];23
minecraft:cyan_concrete_powder[*];23
minecraft:prismarine_wall[*];23
minecraft:warped_fungus[*];23
minecraft:warped_roots[*];23
minecraft:nether_sprouts[*];23
minecraft:twisting_vines[*];23
minecraft:twisting_vines_plant[*];23
minecraft:cyan_candle[*];23
minecraft:sculk_sensor[*];23
minecraft:calibrated_sculk_sensor[*];23
Block{minecraft:purple_bed}[facing=west,occupied=false,part=foot];24
Block{minecraft:purple_bed}[facing=south,occupied=true,part=foot];24
Block{minecraft:purple_bed}[facing=east,occupied=true,part=foot];24
Block{minecraft:purple_bed}[facing=south,occupied=false,part=foot];24
Block{minecraft:purple_bed}[facing=east,occupied=false,part=foot];24
Block{minecraft:purple_bed}[facing=north,occupied=true,part=foot];24
Block{minecraft:purple_bed}[facing=north,occupied=false,part=foot];24
Block{minecraft:purple_bed}[facing=west,occupied=true,part=foot];24
minecraft:purple_wool[*];24
minecraft:purple_stained_glass[*];24
minecraft:mycelium[*];24
minecraft:purple_carpet[*];24
minecraft:chorus_plant[*];24
minecraft:chorus_flower[*];24
minecraft:repeating_command_block[*];24
minecraft:shulker_box[*];24
minecraft:purple_glazed_terracotta[*];24
minecraft:purple_concrete[*];24
minecraft:purple_concrete_powder[*];24
minecraft:bubble_coral_block[*];24
minecraft:bubble_coral[*];24
minecraft:bubble_coral_fan[*];24
minecraft:bubble_coral_wall_fan[*];24
minecraft:purple_candle[*];24
minecraft:amethyst_block[*];24
minecraft:budding_amethyst[*];24
minecraft:amethyst_cluster[*];24
minecraft:large_amethyst_bud[*];24
minecraft:medium_amethyst_bud[*];24
minecraft:small_amethyst_bud[*];24
Block{minecraft:blue_bed}[facing=south,occupied=true,part=foot];25
Block{minecraft:blue_bed}[facing=east,occupied=false,part=foot];25
Block{minecraft:blue_bed}[facing=east,occupied=true,part=foot];25
Block{minecraft:blue_bed}[facing=west,occupied=true,part=foot];25
Block{minecraft:blue_bed}[facing=south,occupied=false,part=foot];25
Block{minecraft:blue_bed}[facing=north,occupied=true,part=foot];25
Block{minecraft:blue_bed}[facing=north,occupied=false,part=foot];25
Block{minecraft:blue_bed}[facing=west,occupied=false,part=foot];25
minecraft:blue_wool[*];25
minecraft:blue_stained_glass[*];25
minecraft:blue_carpet[*];25
minecraft:blue_shulker_box[*];25
minecraft:blue_glazed_terracotta[*];25
minecraft:blue_concrete[*];25
minecraft:blue_concrete_powder[*];25
minecraft:tube_coral_block[*];25
minecraft:tube_coral[*];25
minecraft:tube_coral_fan[*];25
minecraft:tube_coral_wall_fan[*];25
minecraft:blue_candle[*];25
minecraft:dark_oak_planks[*];26
Block{minecraft:spruce_log}[axis=x];26
Block{minecraft:spruce_log}[axis=z];26
minecraft:dark_oak_log[*];26
minecraft:stripped_dark_oak_log[*];26
minecraft:dark_oak_wood[*];26
minecraft:stripped_dark_oak_wood[*];26
Block{minecraft:brown_bed}[facing=west,occupied=true,part=foot];26
Block{minecraft:brown_bed}[facing=east,occupied=false,part=foot];26
Block{minecraft:brown_bed}[facing=west,occupied=false,part=foot];26
Block{minecraft:brown_bed}[facing=north,occupied=true,part=foot];26
Block{minecraft:brown_bed}[facing=north,occupied=false,part=foot];26
Block{minecraft:brown_bed}[facing=east,occupied=true,part=foot];26
Block{minecraft:brown_bed}[facing=south,occupied=false,part=foot];26
Block{minecraft:brown_bed}[facing=south,occupied=true,part=foot];26
minecraft:brown_wool[*];26
minecraft:brown_mushroom[*];26
minecraft:dark_oak_sign[*];26
minecraft:dark_oak_wall_sign[*];26
minecraft:dark_oak_hanging_sign[*];26
minecraft:dark_oak_wall_hanging_sign[*];26
minecraft:dark_oak_pressure_plate[*];26
minecraft:soul_sand[*];26
minecraft:soul_soil[*];26
minecraft:brown_stained_glass[*];26
minecraft:dark_oak_trapdoor[*];26
minecraft:command_block[*];26
minecraft:dark_oak_stairs[*];26
minecraft:brown_carpet[*];26
minecraft:dark_oak_slab[*];26
minecraft:dark_oak_fence_gate[*];26
minecraft:dark_oak_fence[*];26
minecraft:dark_oak_door[*];26
minecraft:brown_shulker_box[*];26
minecraft:brown_glazed_terracotta[*];26
minecraft:brown_concrete[*];26
minecraft:brown_concrete_powder[*];26
minecraft:brown_candle[*];26
Block{minecraft:green_bed}[facing=east,occupied=true,part=foot];27
Block{minecraft:green_bed}[facing=west,occupied=true,part=foot];27
Block{minecraft:green_bed}[facing=east,occupied=false,part=foot];27
Block{minecraft:green_bed}[facing=north,occupied=true,part=foot];27
Block{minecraft:green_bed}[facing=south,occupied=false,part=foot];27
Block{minecraft:green_bed}[facing=west,occupied=false,part=foot];27
Block{minecraft:green_bed}[facing=south,occupied=true,part=foot];27
Block{minecraft:green_bed}[facing=north,occupied=false,part=foot];27
minecraft:green_wool[*];27
minecraft:green_stained_glass[*];27
minecraft:end_portal_frame[*];27
minecraft:green_carpet[*];27
minecraft:chain_command_block[*];27
minecraft:green_shulker_box[*];27
minecraft:green_glazed_terracotta[*];27
minecraft:green_concrete[*];27
minecraft:green_concrete_powder[*];27
minecraft:dried_kelp_block[*];27
minecraft:sea_pickle[*];27
minecraft:green_candle[*];27
minecraft:moss_carpet[*];27
minecraft:moss_block[*];27
minecraft:mangrove_planks[*];28
Block{minecraft:mangrove_log}[axis=y];28
minecraft:stripped_mangrove_log[*];28
minecraft:mangrove_wood[*];28
minecraft:stripped_mangrove_wood[*];28
Block{minecraft:red_bed}[facing=north,occupied=false,part=foot];28
Block{minecraft:red_bed}[facing=west,occupied=true,part=foot];28
Block{minecraft:red_bed}[facing=north,occupied=true,part=foot];28
Block{minecraft:red_bed}[facing=east,occupied=true,part=foot];28
Block{minecraft:red_bed}[facing=east,occupied=false,part=foot];28
Block{minecraft:red_bed}[facing=west,occupied=false,part=foot];28
Block{minecraft:red_bed}[facing=south,occupied=false,part=foot];28
Block{minecraft:red_bed}[facing=south,occupied=true,part=foot];28
minecraft:red_wool[*];28
minecraft:red_mushroom[*];28
minecraft:bricks[*];28
minecraft:mangrove_sign[*];28
minecraft:mangrove_wall_sign[*];28
minecraft:mangrove_hanging_sign[*];28
minecraft:mangrove_wall_hanging_sign[*];28
minecraft:mangrove_pressure_plate[*];28
minecraft:red_stained_glass[*];28
minecraft:mangrove_trapdoor[*];28
minecraft:red_mushroom_block[*];28
minecraft:brick_stairs[*];28
minecraft:nether_wart[*];28
minecraft:enchanting_table[*];28
minecraft:mangrove_stairs[*];28
minecraft:red_carpet[*];28
minecraft:mangrove_slab[*];28
minecraft:brick_slab[*];28
minecraft:mangrove_fence_gate[*];28
minecraft:mangrove_fence[*];28
minecraft:mangrove_door[*];28
minecraft:nether_wart_block[*];28
minecraft:red_shulker_box[*];28
minecraft:red_glazed_terracotta[*];28
minecraft:red_concrete[*];28
minecraft:red_concrete_powder[*];28
minecraft:sniffer_egg[*];28
minecraft:fire_coral_block[*];28
minecraft:fire_coral[*];28
minecraft:fire_coral_fan[*];28
minecraft:fire_coral_wall_fan[*];28
minecraft:brick_wall[*];28
minecraft:shroomlight[*];28
minecraft:red_candle[*];28
Block{minecraft:black_bed}[facing=south,occupied=false,part=foot];29
Block{minecraft:black_bed}[facing=east,occupied=false,part=foot];29
Block{minecraft:black_bed}[facing=west,occupied=true,part=foot];29
Block{minecraft:black_bed}[facing=west,occupied=false,part=foot];29
Block{minecraft:black_bed}[facing=south,occupied=true,part=foot];29
Block{minecraft:black_bed}[facing=north,occupied=false,part=foot];29
Block{minecraft:black_bed}[facing=north,occupied=true,part=foot];29
Block{minecraft:black_bed}[facing=east,occupied=true,part=foot];29
minecraft:black_wool[*];29
minecraft:obsidian[*];29
minecraft:basalt[*];29
minecraft:polished_basalt[*];29
minecraft:black_stained_glass[*];29
minecraft:end_portal[*];29
minecraft:dragon_egg[*];29
minecraft:black_carpet[*];29
minecraft:coal_block[*];29
minecraft:end_gateway[*];29
minecraft:black_shulker_box[*];29
minecraft:black_glazed_terracotta[*];29
minecraft:black_concrete[*];29
minecraft:black_concrete_powder[*];29
minecraft:netherite_block[*];29
minecraft:ancient_debris[*];29
minecraft:crying_obsidian[*];29
minecraft:respawn_anchor[*];29
minecraft:blackstone[*];29
minecraft:blackstone_stairs[*];29
minecraft:blackstone_wall[*];29
minecraft:blackstone_slab[*];29
minecraft:polished_blackstone[*];29
minecraft:polished_blackstone_bricks[*];29
minecraft:cracked_polished_blackstone_bricks[*];29
minecraft:chiseled_polished_blackstone[*];29
minecraft:polished_blackstone_brick_slab[*];29
minecraft:polished_blackstone_brick_stairs[*];29
minecraft:polished_blackstone_brick_wall[*];29
minecraft:gilded_blackstone[*];29
minecraft:polished_blackstone_stairs[*];29
minecraft:polished_blackstone_slab[*];29
minecraft:polished_blackstone_pressure_plate[*];29
minecraft:polished_blackstone_wall[*];29
minecraft:black_candle[*];29
minecraft:sculk[*];29
minecraft:sculk_vein[*];29
minecraft:sculk_catalyst[*];29
minecraft:sculk_shrieker[*];29
minecraft:smooth_basalt[*];29
minecraft:gold_block[*];30
minecraft:light_weighted_pressure_plate[*];30
minecraft:bell[*];30
minecraft:raw_gold_block[*];30
minecraft:diamond_block[*];31
minecraft:beacon[*];31
minecraft:prismarine_bricks[*];31
minecraft:dark_prismarine[*];31
minecraft:prismarine_brick_stairs[*];31
minecraft:dark_prismarine_stairs[*];31
minecraft:prismarine_brick_slab[*];31
minecraft:dark_prismarine_slab[*];31
minecraft:conduit[*];31
minecraft:lapis_block[*];32
minecraft:emerald_block[*];33
minecraft:podzol[*];34
minecraft:spruce_planks[*];34
Block{minecraft:oak_log}[axis=z];34
Block{minecraft:oak_log}[axis=x];34
Block{minecraft:spruce_log}[axis=y];34
Block{minecraft:jungle_log}[axis=z];34
Block{minecraft:jungle_log}[axis=x];34
Block{minecraft:mangrove_log}[axis=x];34
Block{minecraft:mangrove_log}[axis=z];34
minecraft:mangrove_roots[*];34
minecraft:muddy_mangrove_roots[*];34
minecraft:stripped_spruce_log[*];34
minecraft:spruce_wood[*];34
minecraft:stripped_spruce_wood[*];34
minecraft:spruce_sign[*];34
minecraft:spruce_wall_sign[*];34
minecraft:spruce_hanging_sign[*];34
minecraft:spruce_pressure_plate[*];34
minecraft:spruce_trapdoor[*];34
minecraft:spruce_stairs[*];34
minecraft:spruce_slab[*];34
minecraft:spruce_fence_gate[*];34
minecraft:spruce_fence[*];34
minecraft:spruce_door[*];34
minecraft:campfire[*];34
minecraft:soul_campfire[*];34
minecraft:nether_gold_ore[*];35
minecraft:netherrack[*];35
minecraft:nether_bricks[*];35
minecraft:nether_brick_fence[*];35
minecraft:nether_brick_stairs[*];35
minecraft:nether_quartz_ore[*];35
minecraft:nether_brick_slab[*];35
minecraft:magma_block[*];35
minecraft:red_nether_bricks[*];35
minecraft:red_nether_brick_stairs[*];35
minecraft:red_nether_brick_slab[*];35
minecraft:nether_brick_wall[*];35
minecraft:red_nether_brick_wall[*];35
minecraft:crimson_fungus[*];35
minecraft:weeping_vines[*];35
minecraft:weeping_vines_plant[*];35
minecraft:crimson_roots[*];35
minecraft:chiseled_nether_bricks[*];35
minecraft:cracked_nether_bricks[*];35
minecraft:cherry_planks[*];36
Block{minecraft:cherry_log}[axis=y];36
Block{minecraft:stripped_cherry_log}[axis=y];36
minecraft:cherry_sign[*];36
minecraft:cherry_wall_sign[*];36
minecraft:cherry_pressure_plate[*];36
minecraft:cherry_trapdoor[*];36
minecraft:white_terracotta[*];36
minecraft:cherry_stairs[*];36
minecraft:cherry_slab[*];36
minecraft:cherry_fence_gate[*];36
minecraft:cherry_fence[*];36
minecraft:cherry_door[*];36
minecraft:calcite[*];36
minecraft:orange_terracotta[*];37
minecraft:magenta_terracotta[*];38
minecraft:light_blue_terracotta[*];39
minecraft:yellow_terracotta[*];40
minecraft:lime_terracotta[*];41
Block{minecraft:stripped_cherry_log}[axis=z];42
Block{minecraft:stripped_cherry_log}[axis=x];42
minecraft:stripped_cherry_wood[*];42
minecraft:cherry_hanging_sign[*];42
minecraft:cherry_wall_hanging_sign[*];42
minecraft:pink_terracotta[*];42
Block{minecraft:cherry_log}[axis=z];43
Block{minecraft:cherry_log}[axis=x];43
minecraft:cherry_wood[*];43
minecraft:gray_terracotta[*];43
minecraft:tuff[*];43
minecraft:tuff_slab[*];43
minecraft:tuff_stairs[*];43
minecraft:tuff_wall[*];43
minecraft:polished_tuff[*];43
minecraft:polished_tuff_slab[*];43
minecraft:polished_tuff_stairs[*];43
minecraft:polished_tuff_wall[*];43
minecraft:chiseled_tuff[*];43
minecraft:tuff_bricks[*];43
minecraft:tuff_brick_slab[*];43
minecraft:tuff_brick_stairs[*];43
minecraft:tuff_brick_wall[*];43
minecraft:chiseled_tuff_bricks[*];43
minecraft:mud_bricks[*];44
minecraft:mud_brick_stairs[*];44
minecraft:light_gray_terracotta[*];44
minecraft:mud_brick_slab[*];44
minecraft:mud_brick_wall[*];44
minecraft:exposed_copper[*];44
minecraft:exposed_cut_copper[*];44
minecraft:exposed_chiseled_copper[*];44
minecraft:waxed_exposed_chiseled_copper[*];44
minecraft:exposed_cut_copper_stairs[*];44
minecraft:exposed_cut_copper_slab[*];44
minecraft:waxed_exposed_copper[*];44
minecraft:waxed_exposed_cut_copper[*];44
minecraft:waxed_exposed_cut_copper_stairs[*];44
minecraft:waxed_exposed_cut_copper_slab[*];44
minecraft:exposed_copper_door[*];44
minecraft:waxed_exposed_copper_door[*];44
minecraft:exposed_copper_trapdoor[*];44
minecraft:waxed_exposed_copper_trapdoor[*];44
minecraft:exposed_copper_grate[*];44
minecraft:waxed_exposed_copper_grate[*];44
minecraft:exposed_copper_bulb[*];44
minecraft:waxed_exposed_copper_bulb[*];44
minecraft:cyan_terracotta[*];45
minecraft:mud[*];45
minecraft:purple_terracotta[*];46
minecraft:purple_shulker_box[*];46
minecraft:blue_terracotta[*];47
minecraft:brown_terracotta[*];48
minecraft:pointed_dripstone[*];48
minecraft:dripstone_block[*];48
minecraft:green_terracotta[*];49
minecraft:red_terracotta[*];50
minecraft:decorated_pot[*];50
minecraft:black_terracotta[*];51
minecraft:crimson_nylium[*];52
minecraft:crimson_hanging_sign[*];53
minecraft:crimson_wall_hanging_sign[*];53
minecraft:crimson_stem[*];53
minecraft:stripped_crimson_stem[*];53
minecraft:crimson_planks[*];53
minecraft:crimson_slab[*];53
minecraft:crimson_pressure_plate[*];53
minecraft:crimson_fence[*];53
minecraft:crimson_trapdoor[*];53
minecraft:crimson_fence_gate[*];53
minecraft:crimson_stairs[*];53
minecraft:crimson_door[*];53
minecraft:crimson_sign[*];53
minecraft:crimson_wall_sign[*];53
minecraft:crimson_hyphae[*];54
minecraft:stripped_crimson_hyphae[*];54
minecraft:warped_nylium[*];55
minecraft:oxidized_copper[*];55
minecraft:oxidized_cut_copper[*];55
minecraft:oxidized_chiseled_copper[*];55
minecraft:waxed_oxidized_chiseled_copper[*];55
minecraft:oxidized_cut_copper_stairs[*];55
minecraft:oxidized_cut_copper_slab[*];55
minecraft:waxed_oxidized_copper[*];55
minecraft:waxed_oxidized_cut_copper[*];55
minecraft:waxed_oxidized_cut_copper_stairs[*];55
minecraft:waxed_oxidized_cut_copper_slab[*];55
minecraft:oxidized_copper_door[*];55
minecraft:waxed_oxidized_copper_door[*];55
minecraft:oxidized_copper_trapdoor[*];55
minecraft:waxed_oxidized_copper_trapdoor[*];55
minecraft:oxidized_copper_grate[*];55
minecraft:waxed_oxidized_copper_grate[*];55
minecraft:oxidized_copper_bulb[*];55
minecraft:waxed_oxidized_copper_bulb[*];55
minecraft:warped_hanging_sign[*];56
minecraft:warped_wall_hanging_sign[*];56
minecraft:warped_stem[*];56
minecraft:stripped_warped_stem[*];56
minecraft:warped_planks[*];56
minecraft:warped_slab[*];56
minecraft:warped_pressure_plate[*];56
minecraft:warped_fence[*];56
minecraft:warped_trapdoor[*];56
minecraft:warped_fence_gate[*];56
minecraft:warped_stairs[*];56
minecraft:warped_door[*];56
minecraft:warped_sign[*];56
minecraft:warped_wall_sign[*];56
minecraft:weathered_copper[*];56
minecraft:weathered_cut_copper[*];56
minecraft:weathered_chiseled_copper[*];56
minecraft:waxed_weathered_chiseled_copper[*];56
minecraft:weathered_cut_copper_stairs[*];56
minecraft:weathered_cut_copper_slab[*];56
minecraft:waxed_weathered_copper[*];56
minecraft:waxed_weathered_cut_copper[*];56
minecraft:waxed_weathered_cut_copper_stairs[*];56
minecraft:waxed_weathered_cut_copper_slab[*];56
minecraft:weathered_copper_door[*];56
minecraft:waxed_weathered_copper_door[*];56
minecraft:weathered_copper_trapdoor[*];56
minecraft:waxed_weathered_copper_trapdoor[*];56
minecraft:weathered_copper_grate[*];56
minecraft:waxed_weathered_copper_grate[*];56
minecraft:weathered_copper_bulb[*];56
minecraft:waxed_weathered_copper_bulb[*];56
minecraft:warped_hyphae[*];57
minecraft:stripped_warped_hyphae[*];57
minecraft:warped_wart_block[*];58
minecraft:deepslate_gold_ore[*];59
minecraft:deepslate_iron_ore[*];59
minecraft:deepslate_coal_ore[*];59
minecraft:deepslate_lapis_ore[*];59
minecraft:deepslate_diamond_ore[*];59
minecraft:deepslate_redstone_ore[*];59
minecraft:deepslate_emerald_ore[*];59
minecraft:deepslate_copper_ore[*];59
minecraft:deepslate[*];59
minecraft:cobbled_deepslate[*];59
minecraft:cobbled_deepslate_stairs[*];59
minecraft:cobbled_deepslate_slab[*];59
minecraft:cobbled_deepslate_wall[*];59
minecraft:polished_deepslate[*];59
minecraft:polished_deepslate_stairs[*];59
minecraft:polished_deepslate_slab[*];59
minecraft:polished_deepslate_wall[*];59
minecraft:deepslate_tiles[*];59
minecraft:deepslate_tile_stairs[*];59
minecraft:deepslate_tile_slab[*];59
minecraft:deepslate_tile_wall[*];59
minecraft:deepslate_bricks[*];59
minecraft:deepslate_brick_stairs[*];59
minecraft:deepslate_brick_slab[*];59
minecraft:deepslate_brick_wall[*];59
minecraft:chiseled_deepslate[*];59
minecraft:cracked_deepslate_bricks[*];59
minecraft:cracked_deepslate_tiles[*];59
minecraft:infested_deepslate[*];59
minecraft:reinforced_deepslate[*];59
minecraft:raw_iron_block[*];60
minecraft:glow_lichen[*];61
minecraft:verdant_froglight[*];61
